{
  "cv_auc_roc_mean": 0.6975308453292266,
  "cv_auc_roc_std": 0.027393488403588278,
  "cv_auc_pr_mean": 0.6320450983561106,
  "cv_auc_pr_std": 0.01746461065521849,
  "training_auc_roc": 0.6923594302193005,
  "training_auc_pr": 0.06940779860243995,
  "training_avg_precision": 0.06949643148021217,
  "validation_auc_roc": 0.773463694373655,
  "validation_auc_pr": 0.03723326050192555,
  "validation_avg_precision": 0.03743286771624316,
  "balance_strategy": "smote",
  "scaler_type": "standard",
  "n_features_original": 9,
  "n_features_engineered": 23,
  "n_samples_original": 68749,
  "n_samples_balanced": 132068,
  "m6a_rate_original": 0.039491483512487456,
  "m6a_rate_balanced": 0.5,
  "test_auc_roc": 0.7049676118394541,
  "test_auc_pr": 0.03289419656793975,
  "test_avg_precision": 0.0330170715742653
}