{
    "Accuracy": 0.7442303675856308,
    "ROC_AUC": 0.8315793616629646,
    "PR_AUC": 0.23062596513392647,
    "Confusion_Matrix": [
        [
            136977,
            47148
        ],
        [
            1837,
            5558
        ]
    ],
    "Classification_Report": {
        "0": {
            "precision": 0.9867664644776464,
            "recall": 0.7439348268839104,
            "f1-score": 0.8483150068588805,
            "support": 184125.0
        },
        "1": {
            "precision": 0.10545288961408568,
            "recall": 0.7515889114266396,
            "f1-score": 0.18495532520257565,
            "support": 7395.0
        },
        "accuracy": 0.7442303675856308,
        "macro avg": {
            "precision": 0.546109677045866,
            "recall": 0.747761869155275,
            "f1-score": 0.5166351660307281,
            "support": 191520.0
        },
        "weighted avg": {
            "precision": 0.9527370477790454,
            "recall": 0.7442303675856308,
            "f1-score": 0.8227012597523206,
            "support": 191520.0
        }
    }
}